Year_Month,ROAS
1,16.54985405119036
2,16.81746001671521
3,16.891612170749006
4,16.699946037819103
5,16.764039094135118
6,16.80947541843681
7,16.633063040073093
8,16.688291791427428
9,16.375854775406875
10,16.37869246446112
11,16.213720244598033
12,16.45143770502145
