Year_Month,season
1,12.934832212075943
2,16.903653964182833
3,18.204739340193168
4,15.029513438623077
5,16.024341130773088
6,16.76922248273868
7,14.057173470993426
8,14.855372497581175
9,10.869107251123882
10,10.89999420085307
11,9.24229320610247
12,11.722469823766614
